estadio_id,evento,factor,ic_bajo,ic_alto,juegos_casa
4710,HR,1.0257048373796473,0.8774039063745954,1.2081388384582195,284
4710,2B,1.160330127172836,1.0285868067056285,1.3081286821124671,284
4710,3B,0.9704908444229794,0.6529976567513565,1.410805090043025,284
4710,sencillos,1.035654535028224,0.9742741129319599,1.1024811149465104,284
4710,BB,1.0016600958413804,0.9218805817458267,1.0863416791618377,284
4710,golpeado,1.0347327160771995,0.8133682735220483,1.3174815954148547,284
4710,K,1.0030083050336858,0.939994354141628,1.0641750929028189,284
2950,HR,1.086638885093593,0.9190428406231345,1.2701802825681259,288
2950,2B,0.8640715810034096,0.7491359788472433,0.9911147129137764,288
2950,3B,0.5018229877340477,0.3156464943935473,0.7724120011497381,288
2950,sencillos,0.9984317594194185,0.9427022867823279,1.0653984208126168,288
2950,BB,1.0101784386934478,0.922968872955275,1.1053836515569528,288
2950,golpeado,1.2458021885706894,0.9922925415798709,1.5672570856596704,288
2950,K,0.9168595114541416,0.8556084220879788,0.9790819011399698,288
5320,HR,1.1536715017856602,0.9702080348621422,1.3635384409797813,266
5320,2B,1.0384684194563567,0.9160620688497569,1.1803984728200052,266
5320,3B,1.1338059972064252,0.7546959884475594,1.8017248499620229,266
5320,sencillos,1.1040238849398023,1.0348750225608567,1.1769023454484528,266
5320,BB,1.131632227462934,1.0375494792418867,1.2357140015949555,266
5320,golpeado,1.1186295859386877,0.9103693643341472,1.3973366298498522,266
5320,K,0.905932514975659,0.8512183631540028,0.9645923219556435,266
2929,HR,1.119352414757402,0.9448563616087517,1.3251915397225227,263
2929,2B,1.1330871045215924,1.0044712590624834,1.2928080972006282,263
2929,3B,0.786295916902699,0.4661961725506795,1.2803361062636476,263
2929,sencillos,1.0677687001816731,1.0042787583228405,1.1351689508254834,263
2929,BB,1.034057330137532,0.9468373714182016,1.1318854434771721,263
2929,golpeado,1.2533109451212416,0.9763521090339229,1.6066279730062527,263
2929,K,0.8189429629350334,0.7616402584594709,0.877605699588282,263
2953,HR,1.2170484685504466,1.0142316368986568,1.4534951521853499,264
2953,2B,1.0921313977640048,0.9624679107030666,1.232795530908108,264
2953,3B,0.893222490737102,0.5654354350724797,1.440444584091729,264
2953,sencillos,1.0323685620427459,0.9723100025208742,1.096993191290559,264
2953,BB,1.0036653842432517,0.9062495698247341,1.1047301257547715,264
2953,golpeado,1.2547733963653465,1.007370353737121,1.5682558396680828,264
2953,K,0.9330377990293809,0.8735932650432972,0.9962360266862313,264
2959,HR,0.6065283731375709,0.49989288612259863,0.7314983266832735,257
2959,2B,0.7919094155555675,0.6906439013632973,0.9054793153678552,257
2959,3B,0.7805109592144013,0.45346359406776965,1.325576649138454,257
2959,sencillos,0.9299279144746766,0.8681947979212234,0.9937947763187042,257
2959,BB,0.9737506458012279,0.888649902882523,1.0725013247529496,257
2959,golpeado,1.010029175082668,0.7821462723957672,1.2875535313867936,257
2959,K,1.1181224522293411,1.041020190657524,1.2030359055330198,257
2958,HR,0.9953810290507042,0.832464451561331,1.1829221256878248,284
2958,2B,0.8069671150658236,0.7088707462106838,0.9117685402224004,284
2958,3B,0.3092882007716323,0.16820882452275504,0.5000164652004848,284
2958,sencillos,0.8247242680463812,0.776874524899826,0.8778012360374365,284
2958,BB,1.0699040209875221,0.9680194234924507,1.1758823433697183,284
2958,golpeado,0.9622664838705364,0.7601951070706979,1.2168082133297398,284
2958,K,1.1888126934616736,1.111480251978198,1.2676300795358235,284
2951,HR,1.0417268956662165,0.8961801822590227,1.2062905597837812,274
2951,2B,1.1330908679025102,1.0079247589874345,1.2765573953823417,274
2951,3B,1.2173345173547285,0.7983573901286168,1.8236240382520927,274
2951,sencillos,1.019330949930511,0.9614007906104876,1.0846005801279883,274
2951,BB,0.9726924511784482,0.8885226993991374,1.0662350162695324,274
2951,golpeado,1.0000831107069659,0.7829598070287839,1.294764403975092,274
2951,K,1.0248823133324123,0.9579413846510398,1.1008067139468956,274
3929,HR,1.0363174815849154,0.849594891772204,1.2798632359372948,263
3929,2B,0.7137154260908087,0.6263766935877361,0.8163382443011726,263
3929,3B,0.5476112932998577,0.3209413809831395,0.8590287907862566,263
3929,sencillos,0.8658072020609673,0.8110454186792193,0.9213276713448324,263
3929,BB,0.9120371571122899,0.8259344475618753,0.9950100341020852,263
3929,golpeado,0.890367638662832,0.695183904161928,1.132671075567044,263
3929,K,1.176400365587645,1.1009227932701586,1.260967943600689,263
2957,HR,0.9690980904792714,0.8170922319128726,1.137221480055111,301
2957,2B,0.8653012304278698,0.7628543550962541,0.9778989184133877,301
2957,3B,0.5349279603417315,0.3342167663249088,0.8460111829648531,301
2957,sencillos,0.9022457052889922,0.8507445558511996,0.9588248025348897,301
2957,BB,0.9991966519971093,0.9205941422596767,1.0898681879455467,301
2957,golpeado,0.7888022184008721,0.6419192475967022,0.9743362164847816,301
2957,K,1.2255433317269933,1.1555757656557861,1.2977625926015874,301
5330,HR,0.7893626280824299,0.6204257441607137,0.9803077829736964,142
5330,2B,0.8781047972766959,0.7446029944982238,1.0316219944821547,142
5330,3B,1.3851174330079643,0.8367016134127578,2.1444546026547284,142
5330,sencillos,0.9475621019684319,0.8801947881134516,1.0166897012739122,142
5330,BB,0.9594326851462242,0.861526234229105,1.0678673680535433,142
5330,golpeado,0.8344664339518288,0.6015953099591094,1.122041433641156,142
5330,K,1.0672837709145864,0.9836513769752905,1.1510547909305409,142
5340,HR,0.978004825021285,0.8470135967353638,1.1345082541234517,298
5340,2B,1.3395860718275892,1.208004826225115,1.4942567441356291,298
5340,3B,1.3285039898013649,0.8701531700393524,2.0324579359706556,298
5340,sencillos,1.0954901721039547,1.038770072185776,1.156601046794686,298
5340,BB,1.03157939660125,0.9457950539416754,1.12279123436754,298
5340,golpeado,0.971993498042402,0.7588826555305549,1.244254218325611,298
5340,K,0.8235062536775447,0.7708733137834816,0.8754791024358379,298
2955,HR,0.6507989061429117,0.5211309346954776,0.8133513728775599,218
2955,2B,0.7885178474215704,0.681825264949266,0.9177516496396572,218
2955,3B,1.0380954579998602,0.6226549682035147,1.734380795606987,218
2955,sencillos,0.9684629352021251,0.9107227402710516,1.0296644813699638,218
2955,BB,0.9995093422907184,0.8984314942931945,1.1050911156086203,218
2955,golpeado,0.7672880043352451,0.5771833904573814,1.0157200475747112,218
2955,K,0.9957127901156987,0.9244058759188931,1.0727636434559638,218
2869,HR,1.0517781188400184,0.9076649433856063,1.2172057279118444,285
2869,2B,1.1757321214531868,1.0421948228250837,1.331256773966698,285
2869,3B,1.3168906410046302,0.8497310346393072,2.1037798969297286,285
2869,sencillos,1.1543444598113,1.0844365080702343,1.2328985486943373,285
2869,BB,0.9996425928863125,0.903429817795565,1.0992672668764558,285
2869,golpeado,0.9081252435687827,0.7295284495346137,1.1207459344977682,285
2869,K,0.7826234732857289,0.727934413973298,0.8395102086470942,285
2956,HR,0.8067179169215811,0.6733496849870815,0.9595957691796068,300
2956,2B,0.9323297706594572,0.82734496062841,1.0445023412715668,300
2956,3B,0.9884776847354583,0.6880173663039723,1.4615283153778253,300
2956,sencillos,0.983781110442986,0.9298585266385785,1.0414741765692388,300
2956,BB,0.9323201442029174,0.8564891552997923,1.0129777224978442,300
2956,golpeado,0.8198344506460731,0.6634760708704992,1.0139260379548216,300
2956,K,0.9466963796511826,0.8927209898042033,1.0025921918152072,300
5321,HR,0.8770978548097448,0.7362367141321267,1.0453019203482738,265
5321,2B,1.0942636775967736,0.9622408031144482,1.2616725787572645,265
5321,3B,1.7124449793841503,1.20151123308135,2.5626353637669714,265
5321,sencillos,1.117246562684354,1.0544146260720204,1.186009698415233,265
5321,BB,1.1163752520193406,1.0146452199471672,1.2243079945674018,265
5321,golpeado,1.136847247640831,0.9187159195440312,1.4189711128687097,265
5321,K,0.8711137045692323,0.8141363852048584,0.9293964054280722,265
2701,HR,0.8314441755571444,0.7104846583833887,0.9714069997622388,310
2701,2B,0.9608667429223504,0.8569018702492731,1.0823369153747684,310
2701,3B,1.2152414765033048,0.7825731860191792,1.8969373549478896,310
2701,sencillos,1.0131547286653788,0.9569073109162441,1.0704491135313183,310
2701,BB,0.9250651963225581,0.8471038707620766,1.0101768669193658,310
2701,golpeado,1.3716132658046511,1.040339252091348,1.8018769906336036,310
2701,K,1.0314484019701256,0.9649530953433367,1.098842990450508,310
2949,HR,1.1468519377305837,0.9566124598427659,1.3831180047959957,228
2949,2B,0.8343609788651224,0.7166827148107275,0.9598788374537761,228
2949,3B,0.5988122729121861,0.35729524895521336,0.9461067630406383,228
2949,sencillos,0.8991808688540694,0.8371370845269985,0.9640891692049608,228
2949,BB,0.9993397510627469,0.9113604132131491,1.1024816938442932,228
2949,golpeado,1.1884690516378953,0.9267107872815935,1.501887858679239,228
2949,K,1.2093451795493269,1.1258190314200627,1.295062649524447,228
3410,HR,1.1730580518370477,0.962764611439041,1.4209275335296723,137
3410,2B,0.909026228704355,0.7780292092107481,1.0519402393048478,137
3410,3B,0.4245272443003941,0.17860348466498588,0.7487087847945804,137
3410,sencillos,0.9515664834630947,0.8865716112511307,1.0224344017632114,137
3410,BB,0.9322278137588763,0.8338844101048942,1.0320549409278061,137
3410,golpeado,1.0617181561345512,0.7861552609384307,1.3489305309040382,137
3410,K,1.132933391744785,1.0512890413826896,1.2156812816033133,137
6070,HR,1.325445973536852,1.1145981926253508,1.61194739739325,136
6070,2B,1.2017046124338542,1.0164346996930445,1.4326557777184787,136
6070,3B,0.7357910194174392,0.3203840818365078,1.6224259988040108,136
6070,sencillos,1.056086327146536,0.9742851112081296,1.1497824523811397,136
6070,BB,1.1309478315467165,0.9980532241337708,1.2823287398946113,136
6070,golpeado,0.8088135093973639,0.5663838334041541,1.1320185536793665,136
6070,K,0.8305165371720715,0.7595074264798217,0.9062442782349682,136
3210,HR,1.117971634034972,0.8464760762059103,1.4656839307842693,138
3210,2B,1.2864344658782672,1.0810318433418482,1.564502521038498,138
3210,3B,2.580786632947643,1.461138605937336,4.926292382983939,138
3210,sencillos,1.0328407682443788,0.9506581762817515,1.1189019532130486,138
3210,BB,0.8647855907071953,0.7564131182216405,0.9851990397057391,138
3210,golpeado,0.5720336800433355,0.38734928165771826,0.8220171901587381,138
3210,K,0.9972778675837529,0.907383253440375,1.091513880770546,138
